,image_name,class,target,file_path
0,C01_034.jpg,ilsong,1,./dataset/ilsong/C01_034.jpg
1,C01_029.jpg,ilsong,1,./dataset/ilsong/C01_029.jpg
2,C01_101.jpg,ilsong,1,./dataset/ilsong/C01_101.jpg
3,C01_013.jpg,ilsong,1,./dataset/ilsong/C01_013.jpg
4,C01_033.jpg,ilsong,1,./dataset/ilsong/C01_033.jpg
5,C01_031.jpg,ilsong,1,./dataset/ilsong/C01_031.jpg
6,C01_037.jpg,ilsong,1,./dataset/ilsong/C01_037.jpg
7,C01_106.jpg,ilsong,1,./dataset/ilsong/C01_106.jpg
8,C01_015.jpg,ilsong,1,./dataset/ilsong/C01_015.jpg
9,C01_068.jpg,ilsong,1,./dataset/ilsong/C01_068.jpg
10,C01_064.jpg,ilsong,1,./dataset/ilsong/C01_064.jpg
11,C01_060.jpg,ilsong,1,./dataset/ilsong/C01_060.jpg
12,C01_107.jpg,ilsong,1,./dataset/ilsong/C01_107.jpg
13,C01_105.jpg,ilsong,1,./dataset/ilsong/C01_105.jpg
14,C01_022.jpg,ilsong,1,./dataset/ilsong/C01_022.jpg
15,C01_112.jpg,ilsong,1,./dataset/ilsong/C01_112.jpg
16,C01_050.jpg,ilsong,1,./dataset/ilsong/C01_050.jpg
17,C01_001.jpg,ilsong,1,./dataset/ilsong/C01_001.jpg
18,C01_012.jpg,ilsong,1,./dataset/ilsong/C01_012.jpg
19,C01_047.jpg,ilsong,1,./dataset/ilsong/C01_047.jpg
20,C01_049.jpg,ilsong,1,./dataset/ilsong/C01_049.jpg
21,C01_086.jpg,ilsong,1,./dataset/ilsong/C01_086.jpg
22,C01_120.jpg,ilsong,1,./dataset/ilsong/C01_120.jpg
23,C01_019.jpg,ilsong,1,./dataset/ilsong/C01_019.jpg
24,C01_134.jpg,ilsong,1,./dataset/ilsong/C01_134.jpg
25,C01_045.jpg,ilsong,1,./dataset/ilsong/C01_045.jpg
26,C01_035.jpg,ilsong,1,./dataset/ilsong/C01_035.jpg
27,C01_121.jpg,ilsong,1,./dataset/ilsong/C01_121.jpg
28,C01_023.jpg,ilsong,1,./dataset/ilsong/C01_023.jpg
29,C01_115.jpg,ilsong,1,./dataset/ilsong/C01_115.jpg
30,C01_021.jpg,ilsong,1,./dataset/ilsong/C01_021.jpg
31,C01_057.jpg,ilsong,1,./dataset/ilsong/C01_057.jpg
32,C01_039.jpg,ilsong,1,./dataset/ilsong/C01_039.jpg
33,C01_103.jpg,ilsong,1,./dataset/ilsong/C01_103.jpg
34,C01_007.jpg,ilsong,1,./dataset/ilsong/C01_007.jpg
35,C01_094.jpg,ilsong,1,./dataset/ilsong/C01_094.jpg
36,C01_030.jpg,ilsong,1,./dataset/ilsong/C01_030.jpg
37,C01_043.jpg,ilsong,1,./dataset/ilsong/C01_043.jpg
38,C01_066.jpg,ilsong,1,./dataset/ilsong/C01_066.jpg
39,C01_095.jpg,ilsong,1,./dataset/ilsong/C01_095.jpg
40,C01_065.jpg,ilsong,1,./dataset/ilsong/C01_065.jpg
41,C01_018.jpg,ilsong,1,./dataset/ilsong/C01_018.jpg
42,C01_026.jpg,ilsong,1,./dataset/ilsong/C01_026.jpg
43,C01_078.jpg,ilsong,1,./dataset/ilsong/C01_078.jpg
44,C01_052.jpg,ilsong,1,./dataset/ilsong/C01_052.jpg
45,C01_079.jpg,ilsong,1,./dataset/ilsong/C01_079.jpg
46,C01_072.jpg,ilsong,1,./dataset/ilsong/C01_072.jpg
47,C01_096.jpg,ilsong,1,./dataset/ilsong/C01_096.jpg
48,C01_082.jpg,ilsong,1,./dataset/ilsong/C01_082.jpg
49,C01_062.jpg,ilsong,1,./dataset/ilsong/C01_062.jpg
50,C01_130.jpg,ilsong,1,./dataset/ilsong/C01_130.jpg
51,C01_098.jpg,ilsong,1,./dataset/ilsong/C01_098.jpg
52,C01_139.jpg,ilsong,1,./dataset/ilsong/C01_139.jpg
53,C01_087.jpg,ilsong,1,./dataset/ilsong/C01_087.jpg
54,C01_056.jpg,ilsong,1,./dataset/ilsong/C01_056.jpg
55,C01_144.jpg,ilsong,1,./dataset/ilsong/C01_144.jpg
56,C01_135.jpg,ilsong,1,./dataset/ilsong/C01_135.jpg
57,C01_097.jpg,ilsong,1,./dataset/ilsong/C01_097.jpg
58,C01_004.jpg,ilsong,1,./dataset/ilsong/C01_004.jpg
59,C01_133.jpg,ilsong,1,./dataset/ilsong/C01_133.jpg
60,C01_076.jpg,ilsong,1,./dataset/ilsong/C01_076.jpg
61,C01_025.jpg,ilsong,1,./dataset/ilsong/C01_025.jpg
62,C01_122.jpg,ilsong,1,./dataset/ilsong/C01_122.jpg
63,C01_005.jpg,ilsong,1,./dataset/ilsong/C01_005.jpg
64,C01_104.jpg,ilsong,1,./dataset/ilsong/C01_104.jpg
65,C01_073.jpg,ilsong,1,./dataset/ilsong/C01_073.jpg
66,C01_113.jpg,ilsong,1,./dataset/ilsong/C01_113.jpg
67,C01_129.jpg,ilsong,1,./dataset/ilsong/C01_129.jpg
68,C01_145.jpg,ilsong,1,./dataset/ilsong/C01_145.jpg
69,C01_131.jpg,ilsong,1,./dataset/ilsong/C01_131.jpg
70,C01_040.jpg,ilsong,1,./dataset/ilsong/C01_040.jpg
71,C01_081.jpg,ilsong,1,./dataset/ilsong/C01_081.jpg
72,C01_059.jpg,ilsong,1,./dataset/ilsong/C01_059.jpg
73,C01_020.jpg,ilsong,1,./dataset/ilsong/C01_020.jpg
74,C01_138.jpg,ilsong,1,./dataset/ilsong/C01_138.jpg
75,C01_024.jpg,ilsong,1,./dataset/ilsong/C01_024.jpg
76,C01_058.jpg,ilsong,1,./dataset/ilsong/C01_058.jpg
77,C01_141.jpg,ilsong,1,./dataset/ilsong/C01_141.jpg
78,C01_132.jpg,ilsong,1,./dataset/ilsong/C01_132.jpg
79,C01_116.jpg,ilsong,1,./dataset/ilsong/C01_116.jpg
80,C01_071.jpg,ilsong,1,./dataset/ilsong/C01_071.jpg
81,C01_051.jpg,ilsong,1,./dataset/ilsong/C01_051.jpg
82,C01_085.jpg,ilsong,1,./dataset/ilsong/C01_085.jpg
83,C01_109.jpg,ilsong,1,./dataset/ilsong/C01_109.jpg
84,C01_146.jpg,ilsong,1,./dataset/ilsong/C01_146.jpg
85,C01_014.jpg,ilsong,1,./dataset/ilsong/C01_014.jpg
86,C01_017.jpg,ilsong,1,./dataset/ilsong/C01_017.jpg
87,C01_143.jpg,ilsong,1,./dataset/ilsong/C01_143.jpg
88,C01_114.jpg,ilsong,1,./dataset/ilsong/C01_114.jpg
89,C01_080.jpg,ilsong,1,./dataset/ilsong/C01_080.jpg
90,C01_124.jpg,ilsong,1,./dataset/ilsong/C01_124.jpg
91,C01_093.jpg,ilsong,1,./dataset/ilsong/C01_093.jpg
92,C01_118.jpg,ilsong,1,./dataset/ilsong/C01_118.jpg
93,C01_089.jpg,ilsong,1,./dataset/ilsong/C01_089.jpg
94,C01_102.jpg,ilsong,1,./dataset/ilsong/C01_102.jpg
95,C01_142.jpg,ilsong,1,./dataset/ilsong/C01_142.jpg
96,C01_128.jpg,ilsong,1,./dataset/ilsong/C01_128.jpg
97,C01_119.jpg,ilsong,1,./dataset/ilsong/C01_119.jpg
98,C01_053.jpg,ilsong,1,./dataset/ilsong/C01_053.jpg
99,C01_117.jpg,ilsong,1,./dataset/ilsong/C01_117.jpg
100,C03_101.jpg,byeolgwan,3,./dataset/byeolgwan/C03_101.jpg
101,C03_090.jpg,byeolgwan,3,./dataset/byeolgwan/C03_090.jpg
102,C03_230.jpg,byeolgwan,3,./dataset/byeolgwan/C03_230.jpg
103,C03_141.jpg,byeolgwan,3,./dataset/byeolgwan/C03_141.jpg
104,C03_035.jpg,byeolgwan,3,./dataset/byeolgwan/C03_035.jpg
105,C03_162.jpg,byeolgwan,3,./dataset/byeolgwan/C03_162.jpg
106,C03_192.jpg,byeolgwan,3,./dataset/byeolgwan/C03_192.jpg
107,C03_167.jpg,byeolgwan,3,./dataset/byeolgwan/C03_167.jpg
108,C03_015.jpg,byeolgwan,3,./dataset/byeolgwan/C03_015.jpg
109,C03_042.jpg,byeolgwan,3,./dataset/byeolgwan/C03_042.jpg
110,C03_013.jpg,byeolgwan,3,./dataset/byeolgwan/C03_013.jpg
111,C03_214.jpg,byeolgwan,3,./dataset/byeolgwan/C03_214.jpg
112,C03_065.jpg,byeolgwan,3,./dataset/byeolgwan/C03_065.jpg
113,C03_051.jpg,byeolgwan,3,./dataset/byeolgwan/C03_051.jpg
114,C03_191.jpg,byeolgwan,3,./dataset/byeolgwan/C03_191.jpg
115,C03_139.jpg,byeolgwan,3,./dataset/byeolgwan/C03_139.jpg
116,C03_071.jpg,byeolgwan,3,./dataset/byeolgwan/C03_071.jpg
117,C03_172.jpg,byeolgwan,3,./dataset/byeolgwan/C03_172.jpg
118,C03_024.jpg,byeolgwan,3,./dataset/byeolgwan/C03_024.jpg
119,C03_014.jpg,byeolgwan,3,./dataset/byeolgwan/C03_014.jpg
120,C03_053.jpg,byeolgwan,3,./dataset/byeolgwan/C03_053.jpg
121,C03_136.jpg,byeolgwan,3,./dataset/byeolgwan/C03_136.jpg
122,C03_115.jpg,byeolgwan,3,./dataset/byeolgwan/C03_115.jpg
123,C03_124.jpg,byeolgwan,3,./dataset/byeolgwan/C03_124.jpg
124,C03_143.jpg,byeolgwan,3,./dataset/byeolgwan/C03_143.jpg
125,C03_061.jpg,byeolgwan,3,./dataset/byeolgwan/C03_061.jpg
126,C03_154.jpg,byeolgwan,3,./dataset/byeolgwan/C03_154.jpg
127,C03_225.jpg,byeolgwan,3,./dataset/byeolgwan/C03_225.jpg
128,C03_111.jpg,byeolgwan,3,./dataset/byeolgwan/C03_111.jpg
129,C03_006.jpg,byeolgwan,3,./dataset/byeolgwan/C03_006.jpg
130,C03_228.jpg,byeolgwan,3,./dataset/byeolgwan/C03_228.jpg
131,C03_099.jpg,byeolgwan,3,./dataset/byeolgwan/C03_099.jpg
132,C03_068.jpg,byeolgwan,3,./dataset/byeolgwan/C03_068.jpg
133,C03_218.jpg,byeolgwan,3,./dataset/byeolgwan/C03_218.jpg
134,C03_020.jpg,byeolgwan,3,./dataset/byeolgwan/C03_020.jpg
135,C03_000.jpg,byeolgwan,3,./dataset/byeolgwan/C03_000.jpg
136,C03_112.jpg,byeolgwan,3,./dataset/byeolgwan/C03_112.jpg
137,C03_062.jpg,byeolgwan,3,./dataset/byeolgwan/C03_062.jpg
138,C03_096.jpg,byeolgwan,3,./dataset/byeolgwan/C03_096.jpg
139,C03_016.jpg,byeolgwan,3,./dataset/byeolgwan/C03_016.jpg
140,C03_038.jpg,byeolgwan,3,./dataset/byeolgwan/C03_038.jpg
141,C03_019.jpg,byeolgwan,3,./dataset/byeolgwan/C03_019.jpg
142,C03_206.jpg,byeolgwan,3,./dataset/byeolgwan/C03_206.jpg
143,C03_229.jpg,byeolgwan,3,./dataset/byeolgwan/C03_229.jpg
144,C03_119.jpg,byeolgwan,3,./dataset/byeolgwan/C03_119.jpg
145,C03_159.jpg,byeolgwan,3,./dataset/byeolgwan/C03_159.jpg
146,C03_169.jpg,byeolgwan,3,./dataset/byeolgwan/C03_169.jpg
147,C03_086.jpg,byeolgwan,3,./dataset/byeolgwan/C03_086.jpg
148,C03_032.jpg,byeolgwan,3,./dataset/byeolgwan/C03_032.jpg
149,C03_043.jpg,byeolgwan,3,./dataset/byeolgwan/C03_043.jpg
150,C03_093.jpg,byeolgwan,3,./dataset/byeolgwan/C03_093.jpg
151,C03_195.jpg,byeolgwan,3,./dataset/byeolgwan/C03_195.jpg
152,C03_095.jpg,byeolgwan,3,./dataset/byeolgwan/C03_095.jpg
153,C03_079.jpg,byeolgwan,3,./dataset/byeolgwan/C03_079.jpg
154,C03_073.jpg,byeolgwan,3,./dataset/byeolgwan/C03_073.jpg
155,C03_120.jpg,byeolgwan,3,./dataset/byeolgwan/C03_120.jpg
156,C03_202.jpg,byeolgwan,3,./dataset/byeolgwan/C03_202.jpg
157,C03_211.jpg,byeolgwan,3,./dataset/byeolgwan/C03_211.jpg
158,C03_129.jpg,byeolgwan,3,./dataset/byeolgwan/C03_129.jpg
159,C03_186.jpg,byeolgwan,3,./dataset/byeolgwan/C03_186.jpg
160,C03_164.jpg,byeolgwan,3,./dataset/byeolgwan/C03_164.jpg
161,C03_126.jpg,byeolgwan,3,./dataset/byeolgwan/C03_126.jpg
162,C03_128.jpg,byeolgwan,3,./dataset/byeolgwan/C03_128.jpg
163,C03_198.jpg,byeolgwan,3,./dataset/byeolgwan/C03_198.jpg
164,C03_158.jpg,byeolgwan,3,./dataset/byeolgwan/C03_158.jpg
165,C03_223.jpg,byeolgwan,3,./dataset/byeolgwan/C03_223.jpg
166,C03_168.jpg,byeolgwan,3,./dataset/byeolgwan/C03_168.jpg
167,C03_144.jpg,byeolgwan,3,./dataset/byeolgwan/C03_144.jpg
168,C03_156.jpg,byeolgwan,3,./dataset/byeolgwan/C03_156.jpg
169,C03_177.jpg,byeolgwan,3,./dataset/byeolgwan/C03_177.jpg
170,C03_075.jpg,byeolgwan,3,./dataset/byeolgwan/C03_075.jpg
171,C03_009.jpg,byeolgwan,3,./dataset/byeolgwan/C03_009.jpg
172,C03_212.jpg,byeolgwan,3,./dataset/byeolgwan/C03_212.jpg
173,C03_102.jpg,byeolgwan,3,./dataset/byeolgwan/C03_102.jpg
174,C03_105.jpg,byeolgwan,3,./dataset/byeolgwan/C03_105.jpg
175,C03_216.jpg,byeolgwan,3,./dataset/byeolgwan/C03_216.jpg
176,C03_209.jpg,byeolgwan,3,./dataset/byeolgwan/C03_209.jpg
177,C03_145.jpg,byeolgwan,3,./dataset/byeolgwan/C03_145.jpg
178,C03_213.jpg,byeolgwan,3,./dataset/byeolgwan/C03_213.jpg
179,C03_067.jpg,byeolgwan,3,./dataset/byeolgwan/C03_067.jpg
180,C03_220.jpg,byeolgwan,3,./dataset/byeolgwan/C03_220.jpg
181,C03_199.jpg,byeolgwan,3,./dataset/byeolgwan/C03_199.jpg
182,C03_050.jpg,byeolgwan,3,./dataset/byeolgwan/C03_050.jpg
183,C03_215.jpg,byeolgwan,3,./dataset/byeolgwan/C03_215.jpg
184,C03_117.jpg,byeolgwan,3,./dataset/byeolgwan/C03_117.jpg
185,C03_132.jpg,byeolgwan,3,./dataset/byeolgwan/C03_132.jpg
186,C03_033.jpg,byeolgwan,3,./dataset/byeolgwan/C03_033.jpg
187,C03_044.jpg,byeolgwan,3,./dataset/byeolgwan/C03_044.jpg
188,C03_190.jpg,byeolgwan,3,./dataset/byeolgwan/C03_190.jpg
189,C03_082.jpg,byeolgwan,3,./dataset/byeolgwan/C03_082.jpg
190,C03_021.jpg,byeolgwan,3,./dataset/byeolgwan/C03_021.jpg
191,C03_083.jpg,byeolgwan,3,./dataset/byeolgwan/C03_083.jpg
192,C03_163.jpg,byeolgwan,3,./dataset/byeolgwan/C03_163.jpg
193,C03_104.jpg,byeolgwan,3,./dataset/byeolgwan/C03_104.jpg
194,C03_219.jpg,byeolgwan,3,./dataset/byeolgwan/C03_219.jpg
195,C03_155.jpg,byeolgwan,3,./dataset/byeolgwan/C03_155.jpg
196,C03_146.jpg,byeolgwan,3,./dataset/byeolgwan/C03_146.jpg
197,C03_185.jpg,byeolgwan,3,./dataset/byeolgwan/C03_185.jpg
198,C03_058.jpg,byeolgwan,3,./dataset/byeolgwan/C03_058.jpg
199,C03_183.jpg,byeolgwan,3,./dataset/byeolgwan/C03_183.jpg
200,C00_032.jpg,gonghak,0,./dataset/gonghak/C00_032.jpg
201,C00_204.jpg,gonghak,0,./dataset/gonghak/C00_204.jpg
202,C00_082.jpg,gonghak,0,./dataset/gonghak/C00_082.jpg
203,C00_132.jpg,gonghak,0,./dataset/gonghak/C00_132.jpg
204,C00_193.jpg,gonghak,0,./dataset/gonghak/C00_193.jpg
205,C00_034.jpg,gonghak,0,./dataset/gonghak/C00_034.jpg
206,C00_163.jpg,gonghak,0,./dataset/gonghak/C00_163.jpg
207,C00_065.jpg,gonghak,0,./dataset/gonghak/C00_065.jpg
208,C00_171.jpg,gonghak,0,./dataset/gonghak/C00_171.jpg
209,C00_123.jpg,gonghak,0,./dataset/gonghak/C00_123.jpg
210,C00_195.jpg,gonghak,0,./dataset/gonghak/C00_195.jpg
211,C00_051.jpg,gonghak,0,./dataset/gonghak/C00_051.jpg
212,C00_186.jpg,gonghak,0,./dataset/gonghak/C00_186.jpg
213,C00_198.jpg,gonghak,0,./dataset/gonghak/C00_198.jpg
214,C00_116.jpg,gonghak,0,./dataset/gonghak/C00_116.jpg
215,C00_128.jpg,gonghak,0,./dataset/gonghak/C00_128.jpg
216,C00_184.jpg,gonghak,0,./dataset/gonghak/C00_184.jpg
217,C00_006.jpg,gonghak,0,./dataset/gonghak/C00_006.jpg
218,C00_135.jpg,gonghak,0,./dataset/gonghak/C00_135.jpg
219,C00_188.jpg,gonghak,0,./dataset/gonghak/C00_188.jpg
220,C00_080.jpg,gonghak,0,./dataset/gonghak/C00_080.jpg
221,C00_078.jpg,gonghak,0,./dataset/gonghak/C00_078.jpg
222,C00_196.jpg,gonghak,0,./dataset/gonghak/C00_196.jpg
223,C00_040.jpg,gonghak,0,./dataset/gonghak/C00_040.jpg
224,C00_063.jpg,gonghak,0,./dataset/gonghak/C00_063.jpg
225,C00_206.jpg,gonghak,0,./dataset/gonghak/C00_206.jpg
226,C00_179.jpg,gonghak,0,./dataset/gonghak/C00_179.jpg
227,C00_191.jpg,gonghak,0,./dataset/gonghak/C00_191.jpg
228,C00_174.jpg,gonghak,0,./dataset/gonghak/C00_174.jpg
229,C00_016.jpg,gonghak,0,./dataset/gonghak/C00_016.jpg
230,C00_036.jpg,gonghak,0,./dataset/gonghak/C00_036.jpg
231,C00_009.jpg,gonghak,0,./dataset/gonghak/C00_009.jpg
232,C00_153.jpg,gonghak,0,./dataset/gonghak/C00_153.jpg
233,C00_110.jpg,gonghak,0,./dataset/gonghak/C00_110.jpg
234,C00_129.jpg,gonghak,0,./dataset/gonghak/C00_129.jpg
235,C00_095.jpg,gonghak,0,./dataset/gonghak/C00_095.jpg
236,C00_121.jpg,gonghak,0,./dataset/gonghak/C00_121.jpg
237,C00_005.jpg,gonghak,0,./dataset/gonghak/C00_005.jpg
238,C00_162.jpg,gonghak,0,./dataset/gonghak/C00_162.jpg
239,C00_173.jpg,gonghak,0,./dataset/gonghak/C00_173.jpg
240,C00_108.jpg,gonghak,0,./dataset/gonghak/C00_108.jpg
241,C00_178.jpg,gonghak,0,./dataset/gonghak/C00_178.jpg
242,C00_112.jpg,gonghak,0,./dataset/gonghak/C00_112.jpg
243,C00_056.jpg,gonghak,0,./dataset/gonghak/C00_056.jpg
244,C00_068.jpg,gonghak,0,./dataset/gonghak/C00_068.jpg
245,C00_058.jpg,gonghak,0,./dataset/gonghak/C00_058.jpg
246,C00_081.jpg,gonghak,0,./dataset/gonghak/C00_081.jpg
247,C00_134.jpg,gonghak,0,./dataset/gonghak/C00_134.jpg
248,C00_142.jpg,gonghak,0,./dataset/gonghak/C00_142.jpg
249,C00_001.jpg,gonghak,0,./dataset/gonghak/C00_001.jpg
250,C00_168.jpg,gonghak,0,./dataset/gonghak/C00_168.jpg
251,C00_199.jpg,gonghak,0,./dataset/gonghak/C00_199.jpg
252,C00_181.jpg,gonghak,0,./dataset/gonghak/C00_181.jpg
253,C00_138.jpg,gonghak,0,./dataset/gonghak/C00_138.jpg
254,C00_020.jpg,gonghak,0,./dataset/gonghak/C00_020.jpg
255,C00_149.jpg,gonghak,0,./dataset/gonghak/C00_149.jpg
256,C00_185.jpg,gonghak,0,./dataset/gonghak/C00_185.jpg
257,C00_047.jpg,gonghak,0,./dataset/gonghak/C00_047.jpg
258,C00_093.jpg,gonghak,0,./dataset/gonghak/C00_093.jpg
259,C00_183.jpg,gonghak,0,./dataset/gonghak/C00_183.jpg
260,C00_177.jpg,gonghak,0,./dataset/gonghak/C00_177.jpg
261,C00_064.jpg,gonghak,0,./dataset/gonghak/C00_064.jpg
262,C00_203.jpg,gonghak,0,./dataset/gonghak/C00_203.jpg
263,C00_155.jpg,gonghak,0,./dataset/gonghak/C00_155.jpg
264,C00_151.jpg,gonghak,0,./dataset/gonghak/C00_151.jpg
265,C00_170.jpg,gonghak,0,./dataset/gonghak/C00_170.jpg
266,C00_106.jpg,gonghak,0,./dataset/gonghak/C00_106.jpg
267,C00_125.jpg,gonghak,0,./dataset/gonghak/C00_125.jpg
268,C00_053.jpg,gonghak,0,./dataset/gonghak/C00_053.jpg
269,C00_109.jpg,gonghak,0,./dataset/gonghak/C00_109.jpg
270,C00_019.jpg,gonghak,0,./dataset/gonghak/C00_019.jpg
271,C00_055.jpg,gonghak,0,./dataset/gonghak/C00_055.jpg
272,C00_172.jpg,gonghak,0,./dataset/gonghak/C00_172.jpg
273,C00_105.jpg,gonghak,0,./dataset/gonghak/C00_105.jpg
274,C00_197.jpg,gonghak,0,./dataset/gonghak/C00_197.jpg
275,C00_037.jpg,gonghak,0,./dataset/gonghak/C00_037.jpg
276,C00_067.jpg,gonghak,0,./dataset/gonghak/C00_067.jpg
277,C00_050.jpg,gonghak,0,./dataset/gonghak/C00_050.jpg
278,C00_089.jpg,gonghak,0,./dataset/gonghak/C00_089.jpg
279,C00_194.jpg,gonghak,0,./dataset/gonghak/C00_194.jpg
280,C00_113.jpg,gonghak,0,./dataset/gonghak/C00_113.jpg
281,C00_070.jpg,gonghak,0,./dataset/gonghak/C00_070.jpg
282,C00_091.jpg,gonghak,0,./dataset/gonghak/C00_091.jpg
283,C00_180.jpg,gonghak,0,./dataset/gonghak/C00_180.jpg
284,C00_139.jpg,gonghak,0,./dataset/gonghak/C00_139.jpg
285,C00_007.jpg,gonghak,0,./dataset/gonghak/C00_007.jpg
286,C00_038.jpg,gonghak,0,./dataset/gonghak/C00_038.jpg
287,C00_030.jpg,gonghak,0,./dataset/gonghak/C00_030.jpg
288,C00_158.jpg,gonghak,0,./dataset/gonghak/C00_158.jpg
289,C00_003.jpg,gonghak,0,./dataset/gonghak/C00_003.jpg
290,C00_043.jpg,gonghak,0,./dataset/gonghak/C00_043.jpg
291,C00_103.jpg,gonghak,0,./dataset/gonghak/C00_103.jpg
292,C00_083.jpg,gonghak,0,./dataset/gonghak/C00_083.jpg
293,C00_031.jpg,gonghak,0,./dataset/gonghak/C00_031.jpg
294,C00_014.jpg,gonghak,0,./dataset/gonghak/C00_014.jpg
295,C00_100.jpg,gonghak,0,./dataset/gonghak/C00_100.jpg
296,C00_175.jpg,gonghak,0,./dataset/gonghak/C00_175.jpg
297,C00_120.jpg,gonghak,0,./dataset/gonghak/C00_120.jpg
298,C00_156.jpg,gonghak,0,./dataset/gonghak/C00_156.jpg
299,C00_090.jpg,gonghak,0,./dataset/gonghak/C00_090.jpg
300,C02_125.jpg,sanhak,2,./dataset/sanhak/C02_125.jpg
301,C02_059.jpg,sanhak,2,./dataset/sanhak/C02_059.jpg
302,C02_220.jpg,sanhak,2,./dataset/sanhak/C02_220.jpg
303,C02_025.jpg,sanhak,2,./dataset/sanhak/C02_025.jpg
304,C02_129.jpg,sanhak,2,./dataset/sanhak/C02_129.jpg
305,C02_003.jpg,sanhak,2,./dataset/sanhak/C02_003.jpg
306,C02_127.jpg,sanhak,2,./dataset/sanhak/C02_127.jpg
307,C02_001.jpg,sanhak,2,./dataset/sanhak/C02_001.jpg
308,C02_137.jpg,sanhak,2,./dataset/sanhak/C02_137.jpg
309,C02_203.jpg,sanhak,2,./dataset/sanhak/C02_203.jpg
310,C02_102.jpg,sanhak,2,./dataset/sanhak/C02_102.jpg
311,C02_190.jpg,sanhak,2,./dataset/sanhak/C02_190.jpg
312,C02_152.jpg,sanhak,2,./dataset/sanhak/C02_152.jpg
313,C02_187.jpg,sanhak,2,./dataset/sanhak/C02_187.jpg
314,C02_016.jpg,sanhak,2,./dataset/sanhak/C02_016.jpg
315,C02_037.jpg,sanhak,2,./dataset/sanhak/C02_037.jpg
316,C02_134.jpg,sanhak,2,./dataset/sanhak/C02_134.jpg
317,C02_006.jpg,sanhak,2,./dataset/sanhak/C02_006.jpg
318,C02_189.jpg,sanhak,2,./dataset/sanhak/C02_189.jpg
319,C02_195.jpg,sanhak,2,./dataset/sanhak/C02_195.jpg
320,C02_216.jpg,sanhak,2,./dataset/sanhak/C02_216.jpg
321,C02_201.jpg,sanhak,2,./dataset/sanhak/C02_201.jpg
322,C02_174.jpg,sanhak,2,./dataset/sanhak/C02_174.jpg
323,C02_182.jpg,sanhak,2,./dataset/sanhak/C02_182.jpg
324,C02_218.jpg,sanhak,2,./dataset/sanhak/C02_218.jpg
325,C02_142.jpg,sanhak,2,./dataset/sanhak/C02_142.jpg
326,C02_000.jpg,sanhak,2,./dataset/sanhak/C02_000.jpg
327,C02_115.jpg,sanhak,2,./dataset/sanhak/C02_115.jpg
328,C02_140.jpg,sanhak,2,./dataset/sanhak/C02_140.jpg
329,C02_065.jpg,sanhak,2,./dataset/sanhak/C02_065.jpg
330,C02_110.jpg,sanhak,2,./dataset/sanhak/C02_110.jpg
331,C02_208.jpg,sanhak,2,./dataset/sanhak/C02_208.jpg
332,C02_150.jpg,sanhak,2,./dataset/sanhak/C02_150.jpg
333,C02_214.jpg,sanhak,2,./dataset/sanhak/C02_214.jpg
334,C02_188.jpg,sanhak,2,./dataset/sanhak/C02_188.jpg
335,C02_163.jpg,sanhak,2,./dataset/sanhak/C02_163.jpg
336,C02_143.jpg,sanhak,2,./dataset/sanhak/C02_143.jpg
337,C02_117.jpg,sanhak,2,./dataset/sanhak/C02_117.jpg
338,C02_185.jpg,sanhak,2,./dataset/sanhak/C02_185.jpg
339,C02_171.jpg,sanhak,2,./dataset/sanhak/C02_171.jpg
340,C02_170.jpg,sanhak,2,./dataset/sanhak/C02_170.jpg
341,C02_151.jpg,sanhak,2,./dataset/sanhak/C02_151.jpg
342,C02_051.jpg,sanhak,2,./dataset/sanhak/C02_051.jpg
343,C02_053.jpg,sanhak,2,./dataset/sanhak/C02_053.jpg
344,C02_161.jpg,sanhak,2,./dataset/sanhak/C02_161.jpg
345,C02_009.jpg,sanhak,2,./dataset/sanhak/C02_009.jpg
346,C02_183.jpg,sanhak,2,./dataset/sanhak/C02_183.jpg
347,C02_133.jpg,sanhak,2,./dataset/sanhak/C02_133.jpg
348,C02_078.jpg,sanhak,2,./dataset/sanhak/C02_078.jpg
349,C02_014.jpg,sanhak,2,./dataset/sanhak/C02_014.jpg
350,C02_095.jpg,sanhak,2,./dataset/sanhak/C02_095.jpg
351,C02_089.jpg,sanhak,2,./dataset/sanhak/C02_089.jpg
352,C02_094.jpg,sanhak,2,./dataset/sanhak/C02_094.jpg
353,C02_061.jpg,sanhak,2,./dataset/sanhak/C02_061.jpg
354,C02_205.jpg,sanhak,2,./dataset/sanhak/C02_205.jpg
355,C02_093.jpg,sanhak,2,./dataset/sanhak/C02_093.jpg
356,C02_165.jpg,sanhak,2,./dataset/sanhak/C02_165.jpg
357,C02_031.jpg,sanhak,2,./dataset/sanhak/C02_031.jpg
358,C02_147.jpg,sanhak,2,./dataset/sanhak/C02_147.jpg
359,C02_178.jpg,sanhak,2,./dataset/sanhak/C02_178.jpg
360,C02_197.jpg,sanhak,2,./dataset/sanhak/C02_197.jpg
361,C02_173.jpg,sanhak,2,./dataset/sanhak/C02_173.jpg
362,C02_123.jpg,sanhak,2,./dataset/sanhak/C02_123.jpg
363,C02_042.jpg,sanhak,2,./dataset/sanhak/C02_042.jpg
364,C02_073.jpg,sanhak,2,./dataset/sanhak/C02_073.jpg
365,C02_041.jpg,sanhak,2,./dataset/sanhak/C02_041.jpg
366,C02_131.jpg,sanhak,2,./dataset/sanhak/C02_131.jpg
367,C02_062.jpg,sanhak,2,./dataset/sanhak/C02_062.jpg
368,C02_100.jpg,sanhak,2,./dataset/sanhak/C02_100.jpg
369,C02_077.jpg,sanhak,2,./dataset/sanhak/C02_077.jpg
370,C02_124.jpg,sanhak,2,./dataset/sanhak/C02_124.jpg
371,C02_011.jpg,sanhak,2,./dataset/sanhak/C02_011.jpg
372,C02_180.jpg,sanhak,2,./dataset/sanhak/C02_180.jpg
373,C02_166.jpg,sanhak,2,./dataset/sanhak/C02_166.jpg
374,C02_154.jpg,sanhak,2,./dataset/sanhak/C02_154.jpg
375,C02_052.jpg,sanhak,2,./dataset/sanhak/C02_052.jpg
376,C02_217.jpg,sanhak,2,./dataset/sanhak/C02_217.jpg
377,C02_122.jpg,sanhak,2,./dataset/sanhak/C02_122.jpg
378,C02_008.jpg,sanhak,2,./dataset/sanhak/C02_008.jpg
379,C02_192.jpg,sanhak,2,./dataset/sanhak/C02_192.jpg
380,C02_169.jpg,sanhak,2,./dataset/sanhak/C02_169.jpg
381,C02_015.jpg,sanhak,2,./dataset/sanhak/C02_015.jpg
382,C02_199.jpg,sanhak,2,./dataset/sanhak/C02_199.jpg
383,C02_179.jpg,sanhak,2,./dataset/sanhak/C02_179.jpg
384,C02_186.jpg,sanhak,2,./dataset/sanhak/C02_186.jpg
385,C02_176.jpg,sanhak,2,./dataset/sanhak/C02_176.jpg
386,C02_141.jpg,sanhak,2,./dataset/sanhak/C02_141.jpg
387,C02_177.jpg,sanhak,2,./dataset/sanhak/C02_177.jpg
388,C02_056.jpg,sanhak,2,./dataset/sanhak/C02_056.jpg
389,C02_200.jpg,sanhak,2,./dataset/sanhak/C02_200.jpg
390,C02_046.jpg,sanhak,2,./dataset/sanhak/C02_046.jpg
391,C02_050.jpg,sanhak,2,./dataset/sanhak/C02_050.jpg
392,C02_036.jpg,sanhak,2,./dataset/sanhak/C02_036.jpg
393,C02_018.jpg,sanhak,2,./dataset/sanhak/C02_018.jpg
394,C02_153.jpg,sanhak,2,./dataset/sanhak/C02_153.jpg
395,C02_108.jpg,sanhak,2,./dataset/sanhak/C02_108.jpg
396,C02_172.jpg,sanhak,2,./dataset/sanhak/C02_172.jpg
397,C02_057.jpg,sanhak,2,./dataset/sanhak/C02_057.jpg
398,C02_058.jpg,sanhak,2,./dataset/sanhak/C02_058.jpg
399,C02_005.jpg,sanhak,2,./dataset/sanhak/C02_005.jpg
400,C04_062.jpg,CLC,4,./dataset/CLC/C04_062.jpg
401,C04_196.jpg,CLC,4,./dataset/CLC/C04_196.jpg
402,C04_195.jpg,CLC,4,./dataset/CLC/C04_195.jpg
403,C04_103.jpg,CLC,4,./dataset/CLC/C04_103.jpg
404,C04_044.jpg,CLC,4,./dataset/CLC/C04_044.jpg
405,C04_174.jpg,CLC,4,./dataset/CLC/C04_174.jpg
406,C04_048.jpg,CLC,4,./dataset/CLC/C04_048.jpg
407,C04_145.jpg,CLC,4,./dataset/CLC/C04_145.jpg
408,C04_091.jpg,CLC,4,./dataset/CLC/C04_091.jpg
409,C04_210.jpg,CLC,4,./dataset/CLC/C04_210.jpg
410,C04_137.jpg,CLC,4,./dataset/CLC/C04_137.jpg
411,C04_125.jpg,CLC,4,./dataset/CLC/C04_125.jpg
412,C04_240.jpg,CLC,4,./dataset/CLC/C04_240.jpg
413,C04_120.jpg,CLC,4,./dataset/CLC/C04_120.jpg
414,C04_175.jpg,CLC,4,./dataset/CLC/C04_175.jpg
415,C04_212.jpg,CLC,4,./dataset/CLC/C04_212.jpg
416,C04_004.jpg,CLC,4,./dataset/CLC/C04_004.jpg
417,C04_181.jpg,CLC,4,./dataset/CLC/C04_181.jpg
418,C04_019.jpg,CLC,4,./dataset/CLC/C04_019.jpg
419,C04_023.jpg,CLC,4,./dataset/CLC/C04_023.jpg
420,C04_036.jpg,CLC,4,./dataset/CLC/C04_036.jpg
421,C04_140.jpg,CLC,4,./dataset/CLC/C04_140.jpg
422,C04_215.jpg,CLC,4,./dataset/CLC/C04_215.jpg
423,C04_024.jpg,CLC,4,./dataset/CLC/C04_024.jpg
424,C04_190.jpg,CLC,4,./dataset/CLC/C04_190.jpg
425,C04_079.jpg,CLC,4,./dataset/CLC/C04_079.jpg
426,C04_042.jpg,CLC,4,./dataset/CLC/C04_042.jpg
427,C04_003.jpg,CLC,4,./dataset/CLC/C04_003.jpg
428,C04_159.jpg,CLC,4,./dataset/CLC/C04_159.jpg
429,C04_045.jpg,CLC,4,./dataset/CLC/C04_045.jpg
430,C04_081.jpg,CLC,4,./dataset/CLC/C04_081.jpg
431,C04_110.jpg,CLC,4,./dataset/CLC/C04_110.jpg
432,C04_104.jpg,CLC,4,./dataset/CLC/C04_104.jpg
433,C04_144.jpg,CLC,4,./dataset/CLC/C04_144.jpg
434,C04_214.jpg,CLC,4,./dataset/CLC/C04_214.jpg
435,C04_223.jpg,CLC,4,./dataset/CLC/C04_223.jpg
436,C04_217.jpg,CLC,4,./dataset/CLC/C04_217.jpg
437,C04_156.jpg,CLC,4,./dataset/CLC/C04_156.jpg
438,C04_085.jpg,CLC,4,./dataset/CLC/C04_085.jpg
439,C04_082.jpg,CLC,4,./dataset/CLC/C04_082.jpg
440,C04_193.jpg,CLC,4,./dataset/CLC/C04_193.jpg
441,C04_189.jpg,CLC,4,./dataset/CLC/C04_189.jpg
442,C04_149.jpg,CLC,4,./dataset/CLC/C04_149.jpg
443,C04_157.jpg,CLC,4,./dataset/CLC/C04_157.jpg
444,C04_133.jpg,CLC,4,./dataset/CLC/C04_133.jpg
445,C04_158.jpg,CLC,4,./dataset/CLC/C04_158.jpg
446,C04_228.jpg,CLC,4,./dataset/CLC/C04_228.jpg
447,C04_093.jpg,CLC,4,./dataset/CLC/C04_093.jpg
448,C04_112.jpg,CLC,4,./dataset/CLC/C04_112.jpg
449,C04_198.jpg,CLC,4,./dataset/CLC/C04_198.jpg
450,C04_068.jpg,CLC,4,./dataset/CLC/C04_068.jpg
451,C04_037.jpg,CLC,4,./dataset/CLC/C04_037.jpg
452,C04_098.jpg,CLC,4,./dataset/CLC/C04_098.jpg
453,C04_202.jpg,CLC,4,./dataset/CLC/C04_202.jpg
454,C04_071.jpg,CLC,4,./dataset/CLC/C04_071.jpg
455,C04_126.jpg,CLC,4,./dataset/CLC/C04_126.jpg
456,C04_001.jpg,CLC,4,./dataset/CLC/C04_001.jpg
457,C04_008.jpg,CLC,4,./dataset/CLC/C04_008.jpg
458,C04_041.jpg,CLC,4,./dataset/CLC/C04_041.jpg
459,C04_051.jpg,CLC,4,./dataset/CLC/C04_051.jpg
460,C04_238.jpg,CLC,4,./dataset/CLC/C04_238.jpg
461,C04_121.jpg,CLC,4,./dataset/CLC/C04_121.jpg
462,C04_165.jpg,CLC,4,./dataset/CLC/C04_165.jpg
463,C04_128.jpg,CLC,4,./dataset/CLC/C04_128.jpg
464,C04_207.jpg,CLC,4,./dataset/CLC/C04_207.jpg
465,C04_012.jpg,CLC,4,./dataset/CLC/C04_012.jpg
466,C04_143.jpg,CLC,4,./dataset/CLC/C04_143.jpg
467,C04_113.jpg,CLC,4,./dataset/CLC/C04_113.jpg
468,C04_203.jpg,CLC,4,./dataset/CLC/C04_203.jpg
469,C04_211.jpg,CLC,4,./dataset/CLC/C04_211.jpg
470,C04_087.jpg,CLC,4,./dataset/CLC/C04_087.jpg
471,C04_065.jpg,CLC,4,./dataset/CLC/C04_065.jpg
472,C04_011.jpg,CLC,4,./dataset/CLC/C04_011.jpg
473,C04_171.jpg,CLC,4,./dataset/CLC/C04_171.jpg
474,C04_038.jpg,CLC,4,./dataset/CLC/C04_038.jpg
475,C04_013.jpg,CLC,4,./dataset/CLC/C04_013.jpg
476,C04_245.jpg,CLC,4,./dataset/CLC/C04_245.jpg
477,C04_235.jpg,CLC,4,./dataset/CLC/C04_235.jpg
478,C04_018.jpg,CLC,4,./dataset/CLC/C04_018.jpg
479,C04_225.jpg,CLC,4,./dataset/CLC/C04_225.jpg
480,C04_025.jpg,CLC,4,./dataset/CLC/C04_025.jpg
481,C04_152.jpg,CLC,4,./dataset/CLC/C04_152.jpg
482,C04_170.jpg,CLC,4,./dataset/CLC/C04_170.jpg
483,C04_016.jpg,CLC,4,./dataset/CLC/C04_016.jpg
484,C04_163.jpg,CLC,4,./dataset/CLC/C04_163.jpg
485,C04_080.jpg,CLC,4,./dataset/CLC/C04_080.jpg
486,C04_150.jpg,CLC,4,./dataset/CLC/C04_150.jpg
487,C04_147.jpg,CLC,4,./dataset/CLC/C04_147.jpg
488,C04_204.jpg,CLC,4,./dataset/CLC/C04_204.jpg
489,C04_102.jpg,CLC,4,./dataset/CLC/C04_102.jpg
490,C04_005.jpg,CLC,4,./dataset/CLC/C04_005.jpg
491,C04_177.jpg,CLC,4,./dataset/CLC/C04_177.jpg
492,C04_233.jpg,CLC,4,./dataset/CLC/C04_233.jpg
493,C04_132.jpg,CLC,4,./dataset/CLC/C04_132.jpg
494,C04_064.jpg,CLC,4,./dataset/CLC/C04_064.jpg
495,C04_139.jpg,CLC,4,./dataset/CLC/C04_139.jpg
496,C04_118.jpg,CLC,4,./dataset/CLC/C04_118.jpg
497,C04_229.jpg,CLC,4,./dataset/CLC/C04_229.jpg
498,C04_206.jpg,CLC,4,./dataset/CLC/C04_206.jpg
499,C04_027.jpg,CLC,4,./dataset/CLC/C04_027.jpg
